id,Ciudad,Latitud,Logitud,GPS,Importancia,Ventas,Estado
1,CALI,3.458751803,-76.48034743,3.45875180263027;-76.4803474263551,5,219144,ABIERTO
2,CALI,3.461131544,-76.5279154,3.46113154427;-76.5279153973,1,305673,CERRADO
3,CALI,3.454249241,-76.57508524,3.45424924123724;-76.5750852365464,3,210133,ABIERTO
4,CALI,3.427359961,-76.53028982,3.427359961;-76.53028982,1,270343,CERRADO
5,CALI,3.4748403,-76.52115642,3.47484029999404;-76.5211564150246,3,276422,CERRADO
6,CALI,3.483364768,-76.51743113,3.48336476806869;-76.5174311316161,1,231469,CERRADO
7,CALI,3.4443476,-76.5403997,3.4443476;-76.5403997,3,403947,CERRADO
8,CALI,3.492342867,-76.50496939,3.4923428668411;-76.5049693861366,1,349082,CERRADO
9,CALI,3.415262525,-76.50034163,3.41526252540486;-76.5003416329767,4,230230,CERRADO
10,CALI,3.459575339,-76.55069414,3.4595753392204642;-76.55069413594902,3,159920,CERRADO
11,CALI,3.3839632,-76.5204512,3.3839632;-76.5204512,5,378068,CERRADO
12,CALI,3.407287836,-76.52335358,3.40728783607;-76.5233535767,4,339323,CERRADO
13,CALI,3.486533,-76.5293189,3.486533;-76.5293189,1,180441,CERRADO
14,CALI,3.485342604,-76.51177886,3.48534260351328;-76.5117788591718,3,418114,CERRADO
15,CALI,3.441744652,-76.5411696,3.44174465163055;-76.5411696034841,2,343437,CERRADO
16,CALI,3.45357792,-76.55937913,3.45357791986;-76.5593791287,1,278766,CERRADO
17,CALI,3.436067833,-76.50400282,3.4360678333774;-76.5040028210299,4,373212,CERRADO
18,CALI,3.479441303,-76.48836018,3.47944130276643;-76.4883601834355,4,406528,CERRADO
19,CALI,3.411566257,-76.49813843,3.41156625748;-76.4981384277,2,302510,CERRADO
20,CALI,3.399749035,-76.51175035,3.39974903526723;-76.5117503511914,2,193983,CERRADO
21,CALI,3.389981409,-76.538706,3.38998140909522;-76.5387059956848,3,415372,CERRADO
22,CALI,3.376743738,-76.55148312,3.3767437376081944;-76.55148312449455,1,177165,CERRADO
23,CALI,3.420320599,-76.52866241,3.42032059900801;-76.5286624077669,2,212272,CERRADO
24,CALI,3.463713838,-76.51663382,3.46371383810664;-76.51663381964,3,288381,CERRADO
25,CALI,3.44836896,-76.4831025,3.44836895995471;-76.4831024965181,4,282511,CERRADO
26,CALI,3.473282609,-76.4840145,3.47328260924961;-76.4840145037866,5,276177,CERRADO
27,CALI,3.475345943,-76.52131698,3.47534594317566;-76.5213169777063,1,181032,CERRADO
28,CALI,3.476067543,-76.50810242,3.47606754303;-76.508102417,3,172603,CERRADO
29,CALI,3.426709888,-76.47043735,3.42670988794421;-76.4704373542163,3,262157,ABIERTO
30,CALI,3.419369246,-76.51597592,3.41936924606345;-76.5159759178477,3,369843,ABIERTO
31,CALI,3.425585,-76.49717667,3.425585;-76.49717666666668,1,228269,ABIERTO
32,CALI,3.393529323,-76.51044557,3.39352932288129;-76.5104455740058,3,347245,ABIERTO
33,CALI,3.430716515,-76.48282623,3.43071651459;-76.4828262329,1,231380,ABIERTO
34,CALI,3.467412328,-76.48929316,3.46741232840133;-76.4892931566688,3,416359,ABIERTO
35,CALI,3.4762556,-76.52322,3.4762556;-76.52322,4,335552,ABIERTO
36,CALI,3.441810315,-76.52616793,3.4418103145435452;-76.5261679328978,2,410354,ABIERTO
37,CALI,3.433045597,-76.53905792,3.433045597;-76.53905792,1,278579,ABIERTO
38,CALI,3.410742206,-76.5340185,3.41074220567617;-76.5340184971627,3,382163,ABIERTO
39,CALI,3.426590323,-76.47032206,3.42659032332477;-76.4703220604484,3,240816,ABIERTO
40,CALI,3.46306181,-76.51354218,3.46306180954;-76.5135421753,2,352914,ABIERTO
41,CALI,3.413008544,-76.51519926,3.41300854369546;-76.5151992629014,3,312405,ABIERTO
42,CALI,3.475019529,-76.49719518,3.47501952902792;-76.4971951810371,3,379814,ABIERTO
43,CALI,3.398342627,-76.5456723,3.39834262677;-76.5456723042,4,236913,ABIERTO
44,CALI,3.4466385,-76.5387821,3.4466385;-76.5387821,5,355232,ABIERTO
45,CALI,3.44137787,-76.52184639,3.44137786980959;-76.5218463935751,5,325554,ABIERTO
46,CALI,3.464050055,-76.51907349,3.46405005455;-76.5190734863,4,208142,ABIERTO
47,CALI,3.432252407,-76.47357178,3.43225240707;-76.4735717773,3,261812,ABIERTO
48,CALI,3.446032,-76.512297,3.446032;-76.512297,5,167353,ABIERTO
49,CALI,3.438179685,-76.51670247,3.43817968498741;-76.5167024677715,3,410759,ABIERTO
50,CALI,3.375423228,-76.51584095,3.37542322818;-76.5158409541,1,367331,ABIERTO
51,CALI,3.426433325,-76.4919281,3.42643332481;-76.4919281006,4,405741,ABIERTO
52,CALI,3.460712009,-76.51647275,3.46071200910955;-76.5164727531373,5,411172,ABIERTO
53,CALI,3.461800615,-76.52850218,3.46180061465313;-76.5285021824988,5,270384,ABIERTO
54,CALI,3.42380929,-76.49267578,3.42380928993;-76.4926757812,2,347596,ABIERTO
55,CALI,3.447087179,-76.53147818,3.44708717942134;-76.531478177355,4,277950,ABIERTO
56,CALI,3.383175088,-76.51001148,3.3831750880926847;-76.51001147925854,3,301689,ABIERTO
57,CALI,3.430216893,-76.50899284,3.43021689332473;-76.508992838832,5,344094,ABIERTO
58,CALI,3.372692953,-76.5187298,3.37269295254212;-76.5187298,3,283486,CERRADO
59,CALI,3.449027777,-76.53127289,3.44902777672;-76.5312728882,1,254473,CERRADO
60,CALI,3.441230746,-76.53290784,3.44123074566424;-76.5329078383843,2,236277,CERRADO
61,CALI,3.449076931,-76.49886331,3.4490769310263287;-76.49886331227704,5,311532,CERRADO
62,CALI,3.444081545,-76.50881958,3.44408154488;-76.5088195801,1,253870,CERRADO
63,CALI,3.393445253,-76.55370331,3.39344525337;-76.5537033081,2,330685,CERRADO
64,CALI,3.4977985,-76.4952781,3.4977985;-76.4952781,3,156776,CERRADO
65,CALI,3.457484705,-76.53340219,3.45748470499022;-76.5334021939504,4,343563,CERRADO
66,CALI,3.421051026,-76.48188747,3.4210510257;-76.481887465,3,344065,CERRADO
67,CALI,3.410380317,-76.53983081,3.41038031662474;-76.5398308114584,3,354429,CERRADO
68,CALI,3.44564382,-76.52036078,3.4456438198685646;-76.5203607827425,4,152299,CERRADO
69,CALI,3.4477805,-76.5246929,3.4477805;-76.5246929,4,294495,CERRADO
70,CALI,3.410528833,-76.51276225,3.41052883292363;-76.5127622476648,4,402553,CERRADO
71,CALI,3.411953283,-76.53131015,3.41195328314496;-76.5313101526593,5,271064,CERRADO
72,CALI,3.434084571,-76.53021614,3.43408457145894;-76.5302161430268,2,262865,CERRADO
73,CALI,3.488834423,-76.51223018,3.488834423;-76.51223018,3,336090,CERRADO
74,CALI,3.410480201,-76.49319906,3.4104802014081605;-76.49319906216942,4,336340,CERRADO
75,CALI,3.422841137,-76.4875502,3.42284113729571;-76.4875501985615,2,340810,CERRADO
76,CALI,3.470256567,-76.50991821,3.470256567;-76.5099182129,5,414472,CERRADO
77,CALI,3.398871464,-76.51031535,3.39887146373414;-76.5103153491024,1,216537,CERRADO
78,CALI,3.453275919,-76.55926514,3.45327591896;-76.5592651367,5,181409,CERRADO
79,CALI,3.4393271,-76.4801265,3.4393271;-76.4801265,3,163818,CERRADO
80,CALI,3.398182869,-76.50321198,3.39818286896;-76.5032119751,1,347552,CERRADO
81,CALI,3.431367248,-76.53905026,3.4313672483;-76.5390502608,3,331926,CERRADO
82,CALI,3.412978851,-76.50886906,3.412978850639;-76.5088690629352,5,293486,CERRADO
83,CALI,3.4743966,-76.5215881,3.4743966;-76.5215881,3,219193,CERRADO
84,CALI,3.413539855,-76.54461992,3.41353985524208;-76.544619919215,2,311639,CERRADO
85,CALI,3.442622465,-76.51454535,3.442622464805868;-76.5145453517381,5,336632,CERRADO
86,CALI,3.3885606,-76.5603499,3.3885606;-76.5603499,5,192964,CERRADO
87,CALI,3.477588146,-76.4931449,3.4775881464035443;-76.49314489749024,2,389504,ABIERTO
88,CALI,3.430392504,-76.52085114,3.43039250374;-76.5208511353,3,251827,ABIERTO
89,CALI,3.437883759,-76.52619363,3.43788375920153;-76.5261936322684,4,277215,ABIERTO
90,CALI,3.487408251,-76.48457091,3.48740825052295;-76.4845709073056,3,180347,ABIERTO
91,CALI,3.423328101,-76.5079573,3.42332810065584;-76.5079572970284,1,407436,ABIERTO
92,CALI,3.486008902,-76.50688715,3.48600890172074;-76.5068871542268,1,322996,ABIERTO
93,CALI,3.474295316,-76.48877036,3.47429531587774;-76.4887703606191,1,338771,ABIERTO
94,CALI,3.463305159,-76.51542803,3.46330515850973;-76.5154280323166,2,232109,ABIERTO
95,CALI,3.454983234,-76.57762909,3.45498323441;-76.5776290894,4,375330,ABIERTO
96,CALI,3.361276627,-76.53106689,3.36127662659;-76.5310668945,2,151344,ABIERTO
97,CALI,3.39123702,-76.54650116,3.39123702049;-76.5465011597,4,289975,ABIERTO
98,CALI,3.425518036,-76.48654175,3.42551803589;-76.486541748,1,361847,ABIERTO
99,CALI,3.462737393,-76.48533772,3.46273739326309;-76.4853377179458,3,168037,ABIERTO
100,CALI,3.4980329,-76.4928307,3.4980329;-76.4928307,1,214488,ABIERTO
101,CALI,3.463223219,-76.48419952,3.46322321892;-76.4841995239,2,170166,ABIERTO
102,CALI,3.382122782,-76.56247063,3.382122782059014;-76.562470626086,5,167993,ABIERTO
103,CALI,3.492966414,-76.4882431,3.4929664135;-76.488243103,4,229882,ABIERTO
104,CALI,3.4889766,-76.5319482,3.4889766;-76.5319482,4,417721,ABIERTO
105,CALI,3.468574928,-76.5159084,3.46857492761513;-76.5159083980134,3,188062,ABIERTO
106,CALI,3.401013138,-76.55235654,3.401013138;-76.55235654,4,217307,ABIERTO
107,CALI,3.420150042,-76.49976349,3.42015004158;-76.4997634888,2,220237,ABIERTO
108,CALI,3.379827566,-76.56124251,3.3798275655135512;-76.5612425096333,5,295793,ABIERTO
109,CALI,3.486463453,-76.51564765,3.486463453;-76.51564765,5,376101,ABIERTO
110,CALI,3.441454246,-76.52040475,3.44145424649916;-76.5204047475343,4,376211,ABIERTO
111,CALI,3.474676371,-76.48281097,3.47467637062;-76.4828109741,2,229300,ABIERTO
112,CALI,3.46698523,-76.51453758,3.46698522960505;-76.5145375842978,4,354968,ABIERTO
113,CALI,3.366758398,-76.52915761,3.3667583976487;-76.5291576101653,4,219385,ABIERTO
114,CALI,3.422001839,-76.49110413,3.42200183868;-76.491104126,1,240735,ABIERTO
115,CALI,3.388565695,-76.5575268,3.38856569506343;-76.557526802528,4,341132,ABIERTO
116,CALI,3.3641991,-76.5321859,3.3641991;-76.5321859,4,174557,ABIERTO
117,CALI,3.379505072,-76.55850481,3.3795050717890263;-76.55850481241941,4,193813,ABIERTO
118,CALI,3.430615565,-76.46442252,3.43061556480253;-76.4644225196924,1,396133,ABIERTO
119,CALI,3.400905567,-76.50967552,3.40090556704342;-76.5096755155443,5,277309,ABIERTO
120,CALI,3.417580843,-76.53375244,3.41758084297;-76.5337524414,4,178056,ABIERTO
121,CALI,3.467486377,-76.52438576,3.46748637723;-76.5243857613,3,152353,ABIERTO
122,CALI,3.443745852,-76.49777222,3.44374585152;-76.4977722168,4,278877,ABIERTO
123,CALI,3.428293462,-76.50781743,3.4282934619008585;-76.50781743455249,3,201208,ABIERTO
124,CALI,3.450983616,-76.49888639,3.45098361625518;-76.4988863905427,3,174689,ABIERTO
125,CALI,3.436664646,-76.50246325,3.43666464611922;-76.5024632495451,1,303675,ABIERTO
126,CALI,3.446606245,-76.51482954,3.44660624495;-76.5148295416,3,309273,ABIERTO
127,CALI,3.427537918,-76.53702545,3.42753791809;-76.5370254517,1,372405,ABIERTO
128,CALI,3.371378472,-76.51833898,3.37137847233385;-76.5183389792004,1,192572,ABIERTO
129,CALI,3.397016405,-76.51102826,3.39701640542607;-76.5110282557456,5,258596,ABIERTO
130,CALI,3.473757443,-76.51000498,3.4737574429584;-76.5100049788147,3,286682,ABIERTO
131,CALI,3.420809043,-76.52726979,3.4208090430530658;-76.52726978686971,5,375399,ABIERTO
132,CALI,3.417726588,-76.53133739,3.417726588;-76.5313373887,3,160983,ABIERTO
133,CALI,3.41241146,-76.50665939,3.412411459721625;-76.50665938854218,2,418195,ABIERTO
134,CALI,3.454778671,-76.48828125,3.45477867126;-76.48828125,5,383612,ABIERTO
135,CALI,3.430964708,-76.50819397,3.43096470833;-76.5081939697,3,330290,ABIERTO
136,CALI,3.441620111,-76.52058411,3.44162011147;-76.5205841064,3,165046,ABIERTO
137,CALI,3.400684681,-76.53729251,3.40068468086139;-76.537292514623,4,274679,ABIERTO
138,CALI,3.433872279,-76.5207001,3.43387227922496;-76.5207001027092,2,231992,ABIERTO
139,CALI,3.43682206,-76.54540194,3.43682205961406;-76.5454019425343,1,245493,ABIERTO
140,CALI,3.457274685,-76.48537299,3.45727468518629;-76.4853729900844,5,201458,ABIERTO
141,CALI,3.441462158,-76.54005502,3.44146215751;-76.5400550161,4,310774,ABIERTO
142,CALI,3.434970501,-76.54569403,3.43497050136669;-76.5456940299625,2,328858,ABIERTO
143,CALI,3.482172288,-76.52924738,3.48217228760252;-76.5292473760944,4,398409,ABIERTO
144,CALI,3.379089485,-76.51550133,3.37908948549123;-76.5155013309048,5,218701,ABIERTO
145,CALI,3.471984258,-76.48955204,3.47198425794764;-76.4895520388422,4,412884,ABIERTO
146,CALI,3.398782752,-76.50523884,3.39878275177569;-76.5052388427042,3,410690,ABIERTO
147,CALI,3.382815599,-76.52211761,3.38281559944;-76.5221176147,1,163246,ABIERTO
148,CALI,3.437306878,-76.54423577,3.437306877974931;-76.54423577017837,2,367741,ABIERTO
149,CALI,3.466951991,-76.4841105,3.46695199109271;-76.4841105007932,1,374979,ABIERTO
150,CALI,3.484195471,-76.50892639,3.48419547081;-76.5089263916,3,210941,ABIERTO
151,CALI,3.474197388,-76.48460388,3.4741973877;-76.4846038818,5,308299,ABIERTO
152,CALI,3.423053333,-76.47772833,3.42305333333;-76.4777283333,4,297590,ABIERTO
153,CALI,3.419261526,-76.50031186,3.41926152629297;-76.5003118636643,3,347741,ABIERTO
154,CALI,3.412158428,-76.49146166,3.41215842834552;-76.4914616569876,4,241058,ABIERTO
155,CALI,3.421669691,-76.51231675,3.4216696908697486;-76.5123167540878,1,297288,ABIERTO
156,CALI,3.472272246,-76.5212294,3.47227224614;-76.5212293994,1,330816,ABIERTO
157,CALI,3.452626891,-76.48895234,3.45262689076917;-76.4889523430792,4,225343,ABIERTO
158,CALI,3.458945513,-76.4814263,3.45894551260444;-76.4814262971945,5,336435,ABIERTO
159,CALI,3.422553604,-76.51091144,3.4225536044687033;-76.51091144420207,4,238626,ABIERTO
160,CALI,3.445281506,-76.51435852,3.44528150558;-76.5143585205,5,190551,CERRADO
161,CALI,3.476133747,-76.50998239,3.4761337470263243;-76.50998239405453,2,329847,CERRADO
162,CALI,3.430914295,-76.48576214,3.43091429522742;-76.4857621420217,2,350922,CERRADO
163,CALI,3.432242594,-76.5354946,3.43224259440837;-76.5354945982566,4,321201,CERRADO
164,CALI,3.415112233,-76.49258469,3.41511223320682;-76.4925846863255,3,294717,CERRADO
165,CALI,3.410697222,-76.52297211,3.41069722176;-76.5229721069,2,290605,CERRADO
166,CALI,3.425502523,-76.53344106,3.42550252326137;-76.5334410555174,1,403429,CERRADO
167,CALI,3.419859371,-76.48841281,3.41985937118817;-76.4884128149384,2,204299,CERRADO
168,CALI,3.411037675,-76.49314365,3.41103767511869;-76.4931436525732,5,299480,CERRADO
169,CALI,3.387916088,-76.55979156,3.3879160881;-76.5597915649,5,167067,CERRADO
170,CALI,3.389159371,-76.55235532,3.3891593708984256;-76.55235532438266,4,351105,CERRADO
171,CALI,3.477604151,-76.50762177,3.47760415077;-76.5076217651,4,156274,CERRADO
172,CALI,3.408897638,-76.50056458,3.40889763832;-76.5005645752,5,303606,CERRADO
173,CALI,3.440093059,-76.52227319,3.44009305895694;-76.5222731931163,5,219531,CERRADO
174,CALI,3.431952477,-76.52344513,3.4319524765;-76.5234451294,3,151243,CERRADO
175,CALI,3.455038608,-76.48394952,3.4550386081834;-76.483949517896,1,418132,CERRADO
176,CALI,3.416075269,-76.51768588,3.41607526866991;-76.5176858776273,1,169197,CERRADO
177,CALI,3.459537745,-76.52539063,3.45953774452;-76.525390625,1,346273,CERRADO
178,CALI,3.462509405,-76.52634245,3.46250940533771;-76.5263424479922,3,270308,CERRADO
179,CALI,3.421283243,-76.47804072,3.4212832432240248;-76.47804072126746,4,198403,CERRADO
180,CALI,3.4321334,-76.5097601,3.4321334;-76.5097601,2,159949,CERRADO
181,CALI,3.422836065,-76.47208405,3.42283606529;-76.4720840454,1,386842,CERRADO
182,CALI,3.484558,-76.5145499,3.484558;-76.5145499,5,278346,CERRADO
183,CALI,3.461576435,-76.52689375,3.46157643466019;-76.5268937451233,2,235130,CERRADO
184,CALI,3.444947379,-76.51155537,3.4449473793388115;-76.51155536980914,1,262544,CERRADO
185,CALI,3.42443,-76.49319833,3.42443;-76.49319833333334,1,289644,CERRADO
186,CALI,3.4369059,-76.4803784,3.4369059;-76.4803784,1,363522,CERRADO
187,CALI,3.397479534,-76.55321503,3.39747953415;-76.5532150269,2,294394,CERRADO
188,CALI,3.476281405,-76.4911499,3.4762814045;-76.4911499023,2,169063,CERRADO
189,CALI,3.436575651,-76.50299072,3.43657565117;-76.5029907227,3,412973,CERRADO
190,CALI,3.369290422,-76.51891306,3.36929042241309;-76.5189130615269,4,353124,CERRADO
191,CALI,3.480517149,-76.48667908,3.48051714897;-76.4866790771,2,393165,CERRADO
192,CALI,3.437845904,-76.52627367,3.43784590382787;-76.5262736743532,1,172070,CERRADO
193,CALI,3.456860304,-76.4788208,3.45686030388;-76.4788208008,3,229923,ABIERTO
194,CALI,3.398282953,-76.5390165,3.39828295254209;-76.5390165,1,355403,ABIERTO
195,CALI,3.491965158,-76.50188318,3.49196515817856;-76.5018831815874,4,373812,ABIERTO
196,CALI,3.44056365,-76.50571821,3.44056365009816;-76.5057182132008,2,275971,ABIERTO
197,CALI,3.446228079,-76.49942281,3.44622807900137;-76.4994228087283,3,297096,ABIERTO
198,CALI,3.405177593,-76.54619598,3.40517759323;-76.5461959839,5,291075,ABIERTO
199,CALI,3.410239458,-76.50733948,3.41023945808;-76.5073394775,5,416589,ABIERTO
200,CALI,3.476749659,-76.4897995,3.47674965858;-76.4897994995,4,191246,ABIERTO
201,CALI,3.4698721,-76.5253548,3.4698721;-76.5253548,4,295669,ABIERTO
202,CALI,3.435111416,-76.4975665,3.43511141587394;-76.4975664955489,1,273486,ABIERTO
203,CALI,3.424409654,-76.50760535,3.42440965439723;-76.5076053516617,5,241326,ABIERTO
204,CALI,3.409943819,-76.52041626,3.40994381905;-76.5204162598,5,212892,ABIERTO
205,CALI,3.387091827,-76.54146215,3.38709182674;-76.5414621505,4,276648,ABIERTO
206,CALI,3.428675286,-76.5112945,3.428675285540521;-76.511294497177,3,304145,ABIERTO
207,CALI,3.441987248,-76.52380779,3.44198724824007;-76.523807794782,3,229071,ABIERTO
208,CALI,3.436502457,-76.47847748,3.43650245667;-76.478477478,5,364501,ABIERTO
209,CALI,3.388105724,-76.53879943,3.3881057238;-76.5387994312,1,249030,ABIERTO
210,CALI,3.465969844,-76.49040681,3.465969843970353;-76.49040680870442,5,367348,ABIERTO
211,CALI,3.4862859,-76.5066418,3.4862859;-76.5066418,2,369256,ABIERTO
212,CALI,3.443598919,-76.52644809,3.44359891939048;-76.5264480858919,5,236216,ABIERTO
213,CALI,3.436034973,-76.52586352,3.43603497287819;-76.525863518167,1,329013,ABIERTO
214,CALI,3.492413148,-76.50458537,3.4924131483437146;-76.50458537042141,1,279556,ABIERTO
215,CALI,3.408065749,-76.54482207,3.40806574865316;-76.5448220661387,5,250693,ABIERTO
216,CALI,3.3886737,-76.557139,3.3886737;-76.557139,3,350434,ABIERTO
217,CALI,3.44332695,-76.49961853,3.44332695007;-76.4996185303,4,272627,ABIERTO
218,CALI,3.405604711,-76.49726504,3.40560471076738;-76.497265043415,2,391215,ABIERTO
219,CALI,3.4616567,-76.4870181,3.4616567;-76.4870181,3,367693,ABIERTO
220,CALI,3.41769743,-76.51612091,3.41769742966;-76.5161209106,2,252431,ABIERTO
221,CALI,3.458895706,-76.51312716,3.45889570563529;-76.5131271620682,3,173131,ABIERTO
222,CALI,3.408139706,-76.54454803,3.40813970566;-76.5445480347,5,184676,ABIERTO
223,CALI,3.455136712,-76.52941787,3.45513671228;-76.5294178705,4,157892,ABIERTO
224,CALI,3.411735626,-76.51148871,3.4117356256639;-76.5114887140009,1,330053,ABIERTO
225,CALI,3.423970439,-76.50455763,3.4239704394713044;-76.50455762632191,3,257195,ABIERTO
226,CALI,3.424635878,-76.50369944,3.42463587812;-76.503699441,2,184332,ABIERTO
227,CALI,3.419841684,-76.52574213,3.41984168371086;-76.5257421265496,2,342835,ABIERTO
228,CALI,3.381976785,-76.52205652,3.38197678498235;-76.5220565229399,4,377783,ABIERTO
229,CALI,3.412844281,-76.51772324,3.41284428105413;-76.517723236212,2,239101,ABIERTO
230,CALI,3.376651998,-76.55509866,3.376651997677982;-76.5550986584276,5,336803,ABIERTO
231,CALI,3.386021849,-76.52002509,3.38602184947629;-76.5200250878294,3,298746,ABIERTO
232,CALI,3.45661521,-76.525383,3.45661520958;-76.5253829956,2,270733,ABIERTO
233,CALI,3.404348333,-76.49853167,3.404348333333333;-76.49853166666666,3,362425,ABIERTO
234,CALI,3.47133517,-76.51248004,3.4713351703713093;-76.51248003885587,1,382486,ABIERTO
235,CALI,3.428927247,-76.51432847,3.42892724665825;-76.5143284716167,5,324911,ABIERTO
236,CALI,3.372736477,-76.54815702,3.37273647736684;-76.5481570159759,1,173530,ABIERTO
237,CALI,3.473719105,-76.49104611,3.47371910536452;-76.4910461057808,4,231388,ABIERTO
238,CALI,3.435969513,-76.53128186,3.43596951345465;-76.5312818552625,4,193900,ABIERTO
239,CALI,3.463339762,-76.58860959,3.4633397621292303;-76.58860958605898,2,357271,ABIERTO
240,CALI,3.403943438,-76.53964355,3.40394343764;-76.5396435517,2,259866,ABIERTO
241,CALI,3.494191928,-76.49114649,3.49419192796066;-76.4911464910804,2,248843,ABIERTO
242,CALI,3.414396007,-76.50909099,3.41439600720971;-76.509090987312,1,336354,ABIERTO
243,CALI,3.4225921,-76.4905712,3.4225921;-76.4905712,2,230905,ABIERTO
244,CALI,3.411810398,-76.52347565,3.4118103981;-76.523475647,5,237925,ABIERTO
245,CALI,3.408813953,-76.5046463,3.4088139534;-76.5046463013,4,259417,ABIERTO
246,CALI,3.439327571,-76.5315856,3.4393275707891;-76.531585602076,5,154798,ABIERTO
247,CALI,3.421314077,-76.47230875,3.42131407667365;-76.4723087541069,4,343529,ABIERTO
248,CALI,3.41592293,-76.53229104,3.41592293031197;-76.5322910411942,3,414812,ABIERTO
249,CALI,3.433120026,-76.50803948,3.43312002647351;-76.5080394815573,4,258418,ABIERTO
250,CALI,3.43334236,-76.50598663,3.43334236023;-76.5059866339,5,356271,ABIERTO
251,CALI,3.441086054,-76.50787354,3.44108605385;-76.5078735352,1,413864,ABIERTO
252,CALI,3.467629944,-76.49103685,3.46762994391596;-76.4910368472833,2,401659,ABIERTO
253,CALI,3.433799982,-76.47750092,3.43379998207;-76.4775009155,5,397057,ABIERTO
254,CALI,3.393736362,-76.552742,3.39373636246;-76.5527420044,5,379754,ABIERTO
255,CALI,3.376861042,-76.55822125,3.37686104234308;-76.55822125263512,5,176907,ABIERTO
256,CALI,3.428222418,-76.54085541,3.42822241783;-76.5408554077,2,186118,ABIERTO
257,CALI,3.41377284,-76.50962067,3.41377283998372;-76.5096206658886,3,219357,ABIERTO
258,CALI,3.466387959,-76.4883785,3.46638795896;-76.4883785047,5,274444,ABIERTO
259,CALI,3.44515141,-76.4992602,3.44515141019382;-76.4992601995205,1,164112,ABIERTO
260,CALI,3.3920128,-76.5420501,3.3920128;-76.5420501043,5,312964,ABIERTO
261,CALI,3.470794439,-76.51335144,3.47079443932;-76.5133514404,5,229639,ABIERTO
262,CALI,3.439912796,-76.52583313,3.43991279602;-76.5258331299,5,296205,ABIERTO
263,CALI,3.468288853,-76.48722383,3.46828885253862;-76.4872238262845,1,169868,ABIERTO
264,CALI,3.413016431,-76.49549598,3.41301643143169;-76.4954959750507,2,267472,ABIERTO
265,CALI,3.46243763,-76.51507568,3.4624376297;-76.5150756836,1,352516,ABIERTO
266,CALI,3.410545111,-76.51813507,3.4105451107;-76.5181350708,3,360028,ABIERTO
267,CALI,3.407564262,-76.50079092,3.407564262;-76.50079092,5,302030,ABIERTO
268,CALI,3.462293333,-76.52733833,3.46229333333;-76.5273383333,1,259495,ABIERTO
269,CALI,3.414283752,-76.5198822,3.41428375244;-76.5198822021,3,341848,ABIERTO
270,CALI,3.373643637,-76.52009583,3.3736436367;-76.5200958252,5,316261,ABIERTO
271,CALI,3.493229628,-76.48651886,3.49322962761;-76.4865188599,5,212888,ABIERTO
272,CALI,3.427055836,-76.5394516,3.42705583572;-76.5394515991,3,159819,ABIERTO
273,CALI,3.461851778,-76.51416306,3.46185177819551;-76.514163061298,4,160616,ABIERTO
274,CALI,3.474020129,-76.47997278,3.47402012937816;-76.4799727753925,5,382721,ABIERTO
275,CALI,3.4712402,-76.5108237,3.4712402;-76.5108237,1,406552,ABIERTO
276,CALI,3.412819203,-76.50202264,3.41281920273164;-76.5020226377823,2,273819,ABIERTO
277,CALI,3.424179306,-76.48519308,3.42417930633384;-76.4851930817051,5,332868,ABIERTO
278,CALI,3.39009416,-76.55150058,3.39009416007015;-76.551500578506,4,198388,ABIERTO
279,CALI,3.472958803,-76.51100159,3.47295880318;-76.5110015869,4,158165,ABIERTO
280,CALI,3.4430259,-76.51157196,3.443025900192;-76.5115719570449,1,201016,ABIERTO
281,CALI,3.391428947,-76.55371857,3.39142894745;-76.5537185669,1,250922,ABIERTO
282,CARTAGENA,10.40121562,-75.47152631,10.40121562;-75.47152631,3,314858,ABIERTO
283,CARTAGENA,10.40163297,-75.49883376,10.40163297;-75.49883376,4,403914,ABIERTO
284,CARTAGENA,10.40215226,-75.52067399,10.402152263559401;-75.52067399024963,5,215687,ABIERTO
285,CARTAGENA,10.40535028,-75.4858668,10.405350276468047;-75.48586680225421,3,372187,ABIERTO
286,CARTAGENA,10.42338594,-75.54964884,10.4233859367112;-75.5496488384848,2,406334,ABIERTO
287,CARTAGENA,10.3913262,-75.4795245,10.3913262;-75.4795245,3,399052,ABIERTO
288,CARTAGENA,10.38924233,-75.47561539,10.38924233;-75.47561539,5,298978,ABIERTO
289,CARTAGENA,10.40593798,-75.48462017,10.40593798;-75.48462017,3,216075,ABIERTO
290,CARTAGENA,10.42465782,-75.54705811,10.4246578217;-75.5470581055,5,307966,ABIERTO
291,CARTAGENA,10.3945,-75.499205,10.3945;-75.499205,3,201542,ABIERTO
292,CARTAGENA,10.37613201,-75.49585724,10.3761320114;-75.4958572388,2,196312,ABIERTO
293,CARTAGENA,10.401291,-75.49714702,10.4012910009141;-75.4971470219269,3,150700,ABIERTO
294,CARTAGENA,10.42587409,-75.54624055,10.42587409;-75.54624055,2,365266,ABIERTO
295,CARTAGENA,10.40269214,-75.48275934,10.402692135116755;-75.48275934052184,1,345376,ABIERTO
296,CARTAGENA,10.42371729,-75.54592005,10.42371729;-75.54592005,5,152278,ABIERTO
297,CARTAGENA,10.42847545,-75.53524899,10.428475452108648;-75.53524898629414,4,294956,ABIERTO
298,CARTAGENA,10.42578679,-75.54468119,10.425786790410145;-75.54468119173676,4,294932,ABIERTO
299,CARTAGENA,10.41377934,-75.53759708,10.4137793378812;-75.5375970810778,2,404524,ABIERTO
300,CARTAGENA,10.39165506,-75.5142456,10.3916550572975;-75.5142456002986,3,297785,ABIERTO
301,CARTAGENA,10.40892369,-75.50721113,10.4089236888614;-75.507211125119,3,293376,ABIERTO
302,CARTAGENA,10.40766314,-75.4547879,10.4076631422445;-75.454787897682,4,200443,ABIERTO
303,CARTAGENA,10.4045917,-75.47146048,10.4045916962157;-75.4714604778591,2,261278,ABIERTO
304,CARTAGENA,10.3933862,-75.5053993,10.3933862;-75.5053993,2,176749,ABIERTO
305,CARTAGENA,10.37970638,-75.47077179,10.3797063828;-75.4707717896,3,310326,ABIERTO
306,CARTAGENA,10.43322251,-75.53044695,10.4332225131607;-75.5304469493891,3,341366,ABIERTO
307,CARTAGENA,10.38035236,-75.47240735,10.3803523606;-75.4724073471,4,160960,ABIERTO
308,CARTAGENA,10.396005,-75.49777667,10.396005;-75.4977766667,5,349747,ABIERTO
309,CARTAGENA,10.39637034,-75.46312803,10.3963703429;-75.463128034,1,193092,ABIERTO
310,CARTAGENA,10.39528914,-75.51534358,10.39528914;-75.51534358,3,340395,ABIERTO
311,CARTAGENA,10.40264927,-75.48291709,10.40264927;-75.48291709,1,380747,ABIERTO
312,CARTAGENA,10.40606874,-75.48815582,10.406068737346619;-75.48815581997238,2,277023,ABIERTO
313,CARTAGENA,10.37927906,-75.46398592,10.3792790556326;-75.463985921815,4,368700,ABIERTO
314,CARTAGENA,10.4049902,-75.50845337,10.4049901962;-75.5084533691,4,309021,ABIERTO
315,CARTAGENA,10.393515,-75.49888,10.393515;-75.49888,4,209602,ABIERTO
316,CARTAGENA,10.40087986,-75.50231171,10.4008798599;-75.5023117065,4,347706,ABIERTO
317,CARTAGENA,10.39059944,-75.51743849,10.390599444508553;-75.51743849180639,3,412165,ABIERTO
318,CARTAGENA,10.40186691,-75.46242523,10.4018669128;-75.4624252319,4,199143,ABIERTO
319,CARTAGENA,10.36528167,-75.47690333,10.3652816667;-75.4769033333,2,370787,ABIERTO
320,CARTAGENA,10.42288289,-75.54601568,10.4228828933579;-75.5460156786852,2,261660,ABIERTO
321,CARTAGENA,10.37579713,-75.49425185,10.37579713;-75.49425185,5,172804,ABIERTO
322,CARTAGENA,10.40628769,-75.48119321,10.4062876907846;-75.4811932137692,3,256617,ABIERTO
323,CARTAGENA,10.39532185,-75.56258392,10.395321846;-75.5625839233,1,375971,ABIERTO
324,CARTAGENA,10.3787368,-75.4967452,10.3787368;-75.4967452,5,235240,ABIERTO
325,CARTAGENA,10.40288167,-75.46185833,10.4028816667;-75.4618583333,1,173622,ABIERTO
326,CARTAGENA,10.42585687,-75.54628651,10.4258568693948;-75.5462865138321,3,171221,CERRADO
327,CARTAGENA,10.28148117,-75.5132592,10.28148117;-75.5132592,5,245181,CERRADO
328,CARTAGENA,10.3952694,-75.4774678,10.3952694;-75.4774678,4,381428,CERRADO
329,CARTAGENA,10.41957247,-75.53181059,10.419572469496;-75.53181058822,4,350956,CERRADO
330,CARTAGENA,10.37666341,-75.49650912,10.3766634075045;-75.4965091150687,1,153345,ABIERTO
331,CARTAGENA,10.40669931,-75.45638109,10.40669931;-75.45638109,2,394149,ABIERTO
332,CARTAGENA,10.42404963,-75.54553613,10.4240496256936;-75.5455361346943,2,160290,ABIERTO
333,CARTAGENA,10.41349333,-75.52585833,10.413493333333333;-75.52585833333333,1,401707,ABIERTO
334,CARTAGENA,10.38701977,-75.48205232,10.38701977;-75.48205232,4,156436,ABIERTO
335,CARTAGENA,10.38093048,-75.48760357,10.38093048;-75.48760357,3,236643,ABIERTO
336,CARTAGENA,10.39052312,-75.48358208,10.39052312;-75.48358208,4,372156,ABIERTO
337,CARTAGENA,10.39838112,-75.46355777,10.3983811196;-75.4635577742,2,218739,ABIERTO
338,CARTAGENA,10.40664344,-75.50218657,10.40664344077564;-75.5021865687956,1,256807,ABIERTO
339,CARTAGENA,10.39306848,-75.47246295,10.39306848;-75.47246295,4,178548,ABIERTO
340,CARTAGENA,10.38893999,-75.50884524,10.38893999;-75.50884524,3,160011,ABIERTO
341,CARTAGENA,10.4249418,-75.5472741,10.4249418;-75.5472741,5,165987,ABIERTO
342,CARTAGENA,10.40522207,-75.45725111,10.40522207;-75.45725111,1,226368,ABIERTO
343,CARTAGENA,10.384594,-75.48857062,10.384594;-75.48857062,4,184832,ABIERTO
344,CARTAGENA,10.4076376,-75.50957489,10.4076375961;-75.5095748901,3,404775,ABIERTO
345,CARTAGENA,10.41861725,-75.53061676,10.4186172485;-75.5306167603,4,371114,ABIERTO
346,CARTAGENA,10.38740167,-75.48702333,10.387401666666667;-75.48702333333334,1,360489,ABIERTO
347,CARTAGENA,10.41979599,-75.5467453,10.41979599;-75.5467453003,3,389396,ABIERTO
348,CARTAGENA,10.380155,-75.488235,10.380155;-75.488235,4,239180,ABIERTO
349,CARTAGENA,10.38125706,-75.47426605,10.3812570572;-75.4742660522,3,161826,ABIERTO
350,CARTAGENA,10.4475975,-75.51735687,10.4475975037;-75.5173568726,3,416025,ABIERTO
351,CARTAGENA,10.405659,-75.4872722,10.405659;-75.4872722,3,321881,ABIERTO
352,CARTAGENA,10.43688907,-75.52372775,10.4368890650445;-75.523727754289,1,173104,ABIERTO
353,CARTAGENA,10.42522025,-75.54953725,10.4252202509184;-75.5495372519363,3,278637,ABIERTO
354,CARTAGENA,10.40161028,-75.46478194,10.40161028;-75.46478194,4,274950,ABIERTO
355,CARTAGENA,10.4097713,-75.5176855,10.4097713;-75.5176855,5,315610,ABIERTO
356,MEDELLIN,6.255860026,-75.56313039,6.25586002582197;-75.5631303947078,1,228266,ABIERTO
357,MEDELLIN,6.248144242,-75.59244444,6.24814424213138;-75.5924444415352,4,419353,ABIERTO
358,MEDELLIN,6.23047924,-75.57302094,6.23047924042;-75.5730209351,2,414778,ABIERTO
359,MEDELLIN,6.255585714,-75.56547631,6.2555857144;-75.5654763096,2,161354,ABIERTO
360,MEDELLIN,6.266640186,-75.54228973,6.26664018631;-75.5422897339,2,172799,ABIERTO
361,MEDELLIN,6.259394293,-75.59393477,6.259394293;-75.59393477,2,378145,ABIERTO
362,MEDELLIN,6.247162038,-75.58342912,6.24716203848853;-75.5834291232745,1,227057,ABIERTO
363,MEDELLIN,6.285771475,-75.57745126,6.2857714748161;-75.5774512636429,2,168108,ABIERTO
364,MEDELLIN,6.276259899,-75.5640564,6.27625989914;-75.5640563965,5,211340,ABIERTO
365,MEDELLIN,6.23449711,-75.55623068,6.23449711;-75.55623068,3,374095,ABIERTO
366,MEDELLIN,6.2742181,-75.6051274,6.2742181;-75.6051274,4,185792,ABIERTO
367,MEDELLIN,6.283484314,-75.5734177,6.2834843142;-75.5734176993,5,364550,ABIERTO
368,MEDELLIN,6.249165211,-75.55852881,6.2491652107114;-75.5585288077644,5,327025,ABIERTO
369,MEDELLIN,6.264427092,-75.59642276,6.2644270916331;-75.5964227577693,3,360023,ABIERTO
370,MEDELLIN,6.288007394,-75.54653199,6.28800739398;-75.546531989,4,182702,ABIERTO
371,MEDELLIN,6.293326,-75.58949741,6.29332599989201;-75.5894974138871,1,388457,ABIERTO
372,MEDELLIN,6.258445393,-75.5518275,6.25844539274701;-75.5518275002499,2,245549,ABIERTO
373,MEDELLIN,6.251822797,-75.5645157,6.25182279689591;-75.5645157047481,5,318924,ABIERTO
374,MEDELLIN,6.291814842,-75.58283983,6.29181484220794;-75.5828398293401,3,404000,ABIERTO
375,MEDELLIN,6.1848467,-75.6583871,6.1848467;-75.6583871,5,326509,ABIERTO
376,MEDELLIN,6.286985,-75.57930833,6.286985;-75.5793083333,5,304340,ABIERTO
377,MEDELLIN,6.2751967,-75.6052159,6.2751967;-75.6052159,3,354464,ABIERTO
378,MEDELLIN,6.283429832,-75.55604451,6.28342983188968;-75.556044509855,4,313205,ABIERTO
379,MEDELLIN,6.222752736,-75.60596362,6.22275273622478;-75.6059636231804,3,246248,ABIERTO
380,MEDELLIN,6.309186022,-75.57219851,6.30918602155374;-75.5721985071019,1,374969,ABIERTO
381,MEDELLIN,6.289832899,-75.57258242,6.28983289941444;-75.5725824197199,1,360367,ABIERTO
382,MEDELLIN,6.231829306,-75.60426577,6.23182930643405;-75.6042657669036,1,199854,ABIERTO
383,MEDELLIN,6.267313542,-75.56188728,6.26731354198848;-75.56188728412906,5,282484,ABIERTO
384,MEDELLIN,6.273796667,-75.57808167,6.27379666667;-75.5780816667,2,317112,ABIERTO
385,MEDELLIN,6.289718286,-75.58353156,6.289718286;-75.58353156,4,279643,ABIERTO
386,MEDELLIN,6.221917841,-75.60578955,6.2219178411185;-75.6057895486646,4,399122,ABIERTO
387,MEDELLIN,6.23202581,-75.59730582,6.23202581009;-75.5973058209,2,311707,ABIERTO
388,MEDELLIN,6.291666668,-75.59295942,6.29166666768424;-75.5929594164028,2,341824,ABIERTO
389,MEDELLIN,6.256095,-75.61603167,6.25609499999999;-75.6160316666666,3,167544,ABIERTO
390,MEDELLIN,6.249927521,-75.56695557,6.24992752075;-75.5669555664,1,198540,ABIERTO
391,MEDELLIN,6.251679897,-75.57398987,6.25167989731;-75.5739898682,2,217542,ABIERTO
392,MEDELLIN,6.251151085,-75.61225891,6.2511510849;-75.6122589111,2,396314,ABIERTO
393,MEDELLIN,6.290565014,-75.58935547,6.29056501389;-75.5893554688,3,373583,ABIERTO
394,MEDELLIN,6.286136937,-75.57983251,6.28613693656;-75.5798325144,2,173905,ABIERTO
395,MEDELLIN,6.234387788,-75.60763112,6.2343877879;-75.6076311193,2,291129,ABIERTO
396,MEDELLIN,6.251630783,-75.62195587,6.25163078308;-75.6219558716,5,307358,ABIERTO
397,MEDELLIN,6.255574528,-75.55594236,6.25557452838685;-75.5559423629502,1,288409,ABIERTO
398,MEDELLIN,6.253270062,-75.56953874,6.253270062390928;-75.56953874498379,3,397942,ABIERTO
399,MEDELLIN,6.25200081,-75.62205491,6.25200081005321;-75.6220549099741,4,213373,ABIERTO
400,MEDELLIN,6.25196743,-75.57603455,6.25196743011;-75.5760345459,1,402301,ABIERTO
401,MEDELLIN,6.251094341,-75.60367584,6.25109434128;-75.6036758423,1,417429,ABIERTO
402,MEDELLIN,6.244920236,-75.55870059,6.244920236058533;-75.55870058946311,4,176902,ABIERTO
403,MEDELLIN,6.275305634,-75.56564641,6.275305634;-75.56564641,3,164706,ABIERTO
404,MEDELLIN,6.259040356,-75.55109406,6.25904035568;-75.5510940552,5,268885,ABIERTO
405,MEDELLIN,6.255569935,-75.60414124,6.25556993484;-75.6041412354,3,346075,ABIERTO
406,MEDELLIN,6.228296992,-75.58124311,6.228296992;-75.58124311,3,304896,ABIERTO
407,MEDELLIN,6.197702444,-75.58987658,6.19770244419999;-75.5898765750999,1,343290,ABIERTO
408,MEDELLIN,6.214103222,-75.59664917,6.21410322189;-75.5966491699,2,329533,ABIERTO
409,MEDELLIN,6.283484596,-75.5755359,6.2834845964;-75.5755358993,1,314809,ABIERTO
410,MEDELLIN,6.226817499,-75.58144216,6.22681749932016;-75.5814421555841,2,352999,ABIERTO
411,MEDELLIN,6.256424356,-75.60359406,6.256424356251955;-75.60359406284988,3,273153,ABIERTO
412,MEDELLIN,6.276088,-75.565265,6.276088;-75.565265,1,402200,ABIERTO
413,MEDELLIN,6.244832698,-75.61980321,6.2448326983;-75.6198032111,1,202341,ABIERTO
414,MEDELLIN,6.257922197,-75.59151779,6.25792219681607;-75.5915177881523,3,287830,ABIERTO
415,MEDELLIN,6.236040343,-75.55401652,6.23604034268658;-75.5540165175637,1,290210,ABIERTO
416,MEDELLIN,6.269661427,-75.53842926,6.26966142654;-75.5384292603,5,411735,ABIERTO
417,MEDELLIN,6.272889137,-75.60119629,6.27288913727;-75.6011962891,1,251946,ABIERTO
418,MEDELLIN,6.235853455,-75.55471267,6.235853455;-75.55471267,2,332301,ABIERTO
419,MEDELLIN,6.259433932,-75.55204282,6.25943393177561;-75.5520428249705,3,401245,ABIERTO
420,MEDELLIN,6.253504306,-75.60346726,6.253504305759247;-75.6034672570423,1,152210,ABIERTO
421,MEDELLIN,6.235589981,-75.54509735,6.23558998108;-75.5450973511,3,235299,ABIERTO
422,MEDELLIN,6.29103524,-75.54403433,6.2910352399672;-75.544034328114,1,315149,ABIERTO
423,MEDELLIN,6.249218571,-75.55885047,6.24921857063117;-75.5588504698362,2,257613,ABIERTO
424,MEDELLIN,6.285288692,-75.57338352,6.285288692;-75.57338352,4,226581,ABIERTO
425,MEDELLIN,6.249189661,-75.59550022,6.24918966079933;-75.5955002185682,2,238587,ABIERTO
426,MEDELLIN,6.299919578,-75.55172822,6.2999195784896;-75.5517282235968,2,365813,ABIERTO
427,MEDELLIN,6.304757755,-75.55918509,6.30475775536865;-75.5591850857385,2,187599,ABIERTO
428,MEDELLIN,6.284592907,-75.55899737,6.28459290672605;-75.5589973709481,5,387186,ABIERTO
429,MEDELLIN,6.292277934,-75.56190925,6.29227793449891;-75.5619092548106,3,227556,ABIERTO
430,MEDELLIN,6.23279923,-75.59139414,6.2327992299;-75.5913941448,2,242657,ABIERTO
431,MEDELLIN,6.233194351,-75.61300659,6.2331943512;-75.6130065918,1,239379,ABIERTO
432,MEDELLIN,6.292429924,-75.59175873,6.29242992401;-75.591758728,1,219608,ABIERTO
433,MEDELLIN,6.27311855,-75.57229379,6.27311854977737;-75.572293792392,5,175549,ABIERTO
434,MEDELLIN,6.273892879,-75.61032104,6.27389287949;-75.6103210449,2,293654,ABIERTO
435,MEDELLIN,6.234182014,-75.61335285,6.23418201387145;-75.6133528517653,3,234147,ABIERTO
436,MEDELLIN,6.284411351,-75.55529872,6.28441135127342;-75.555298717411,4,311531,ABIERTO
437,MEDELLIN,6.278338165,-75.55096128,6.27833816470217;-75.5509612767767,2,417639,ABIERTO
438,MEDELLIN,6.280636626,-75.61935715,6.28063662555651;-75.6193571506728,5,310924,ABIERTO
439,MEDELLIN,6.245370865,-75.54577637,6.24537086487;-75.5457763672,1,275222,ABIERTO
440,MEDELLIN,6.245283567,-75.56095489,6.245283567;-75.56095489,4,348287,ABIERTO
441,MEDELLIN,6.221224437,-75.59340425,6.22122443732303;-75.5934042468302,5,408952,ABIERTO
442,MEDELLIN,6.285094842,-75.57353606,6.285094842;-75.57353606,1,224748,ABIERTO
443,MEDELLIN,6.293724537,-75.54195404,6.2937245369;-75.5419540405,3,153773,ABIERTO
444,MEDELLIN,6.251797797,-75.62038804,6.2517977971583605;-75.62038804404438,1,238150,ABIERTO
445,MEDELLIN,6.2854393,-75.54992667,6.2854393;-75.5499266667,4,213381,ABIERTO
446,MEDELLIN,6.296097738,-75.57030899,6.2960977383;-75.5703089945,1,239633,ABIERTO
447,MEDELLIN,6.302578209,-75.54565293,6.3025782092;-75.5456529251,4,194623,ABIERTO
448,MEDELLIN,6.303637028,-75.54718018,6.30363702774;-75.5471801758,1,206489,ABIERTO
449,MEDELLIN,6.248525773,-75.58887649,6.24852577333162;-75.5888764850056,3,395019,ABIERTO
450,MEDELLIN,6.231988658,-75.60340198,6.23198865791;-75.6034019849,4,315812,ABIERTO
451,MEDELLIN,6.249949932,-75.59905243,6.2499499321;-75.5990524292,3,153689,ABIERTO
452,MEDELLIN,6.244057018,-75.56973755,6.24405701758003;-75.5697375503479,3,299323,ABIERTO
453,MEDELLIN,6.194584938,-75.57996389,6.194584937766194;-75.57996388524771,1,232359,ABIERTO
454,MEDELLIN,6.231770805,-75.54433279,6.23177080468809;-75.5443327944288,1,212720,ABIERTO
455,MEDELLIN,6.248369694,-75.55417633,6.24836969376;-75.5541763306,4,261889,ABIERTO
456,MEDELLIN,6.260834263,-75.6073351,6.26083426286728;-75.6073350957683,4,315512,ABIERTO
457,MEDELLIN,6.250254866,-75.56846291,6.25025486605;-75.5684629135,5,202512,ABIERTO
458,MEDELLIN,6.22680612,-75.58355751,6.22680612;-75.58355751,2,169599,ABIERTO
459,MEDELLIN,6.244410151,-75.54464961,6.24441015145;-75.5446496097,5,359601,ABIERTO
460,MEDELLIN,6.229035275,-75.52929955,6.22903527496;-75.5292995523,2,228269,ABIERTO
461,MEDELLIN,6.255904198,-75.56632996,6.25590419769;-75.5663299561,2,339149,ABIERTO
462,MEDELLIN,6.226546572,-75.58334563,6.22654657150817;-75.5833456264756,1,250872,ABIERTO
463,MEDELLIN,6.260760154,-75.59651547,6.26076015361783;-75.5965154707102,2,233710,ABIERTO
464,MEDELLIN,6.280422561,-75.55281129,6.28042256065684;-75.5528112868158,4,237578,ABIERTO
465,MEDELLIN,6.214252792,-75.60201768,6.21425279169999;-75.6020176787999,1,155709,ABIERTO
466,MEDELLIN,6.275984809,-75.60578788,6.2759848091562045;-75.60578788483393,4,407513,ABIERTO
467,MEDELLIN,6.2557211,-75.5652505,6.2557211;-75.5652505,2,161302,ABIERTO
468,MEDELLIN,6.256131376,-75.56409464,6.25613137586341;-75.5640946410498,3,205858,ABIERTO
469,MEDELLIN,6.244635155,-75.58950246,6.24463515507;-75.5895024589,3,419499,ABIERTO
470,MEDELLIN,6.231080055,-75.57289124,6.23108005524;-75.5728912354,3,189756,ABIERTO
471,MEDELLIN,6.260794163,-75.60511017,6.26079416275;-75.6051101685,2,171136,ABIERTO
472,MEDELLIN,6.254149286,-75.6103709,6.25414928599;-75.6103709041,3,259464,ABIERTO
473,MEDELLIN,6.278032191,-75.57773333,6.27803219071789;-75.5777333323541,5,278204,ABIERTO
474,MEDELLIN,6.274419785,-75.55288696,6.27441978455;-75.5528869629,2,260839,ABIERTO
475,MEDELLIN,6.247739792,-75.57376099,6.24773979187;-75.5737609863,4,332278,ABIERTO
476,MEDELLIN,6.2905597,-75.5787635,6.2905597;-75.5787635,3,226084,CERRADO
477,MEDELLIN,6.247332097,-75.56564799,6.247332097;-75.56564799,4,378914,CERRADO
478,MEDELLIN,6.242770672,-75.62176514,6.24277067184;-75.6217651367,2,229644,CERRADO
479,MEDELLIN,6.254861047,-75.56236499,6.2548610470795;-75.5623649862147,1,409710,CERRADO
480,MEDELLIN,6.254698753,-75.56606293,6.25469875336;-75.5660629272,4,187974,CERRADO
481,MEDELLIN,6.282491911,-75.62400414,6.282491910644871;-75.62400414380242,5,391194,CERRADO
482,MEDELLIN,6.2488227,-75.5432785,6.2488227;-75.5432785,5,350767,CERRADO
483,MEDELLIN,6.24874372,-75.56627137,6.24874371954121;-75.5662713716238,3,231758,CERRADO
484,MEDELLIN,6.248760223,-75.55760956,6.24876022339;-75.5576095581,3,389363,ABIERTO
485,MEDELLIN,6.296308823,-75.57004981,6.29630882319878;-75.5700498144381,3,282861,ABIERTO
486,MEDELLIN,6.247829698,-75.5845501,6.24782969831867;-75.5845500982701,5,180034,ABIERTO
487,MEDELLIN,6.254258927,-75.56834768,6.25425892654;-75.5683476809,5,316692,ABIERTO
488,MEDELLIN,6.247866415,-75.57051897,6.2478664151;-75.5705189681,5,320010,ABIERTO
489,MEDELLIN,6.288529873,-75.54554749,6.28852987289;-75.5455474854,2,314888,ABIERTO
490,MEDELLIN,6.247454643,-75.5674057,6.24745464325;-75.5674057007,1,280966,ABIERTO
491,MEDELLIN,6.292807958,-75.5891097,6.29280795756651;-75.5891097015513,4,235467,ABIERTO
492,MEDELLIN,6.254497178,-75.5669992,6.25449717789746;-75.5669991968988,4,371543,ABIERTO
493,MEDELLIN,6.276169489,-75.56523497,6.27616948930291;-75.5652349683256,5,161055,ABIERTO
494,MEDELLIN,6.256404983,-75.56393881,6.25640498327699;-75.5639388117634,3,301076,ABIERTO
495,MEDELLIN,6.279570103,-75.55194855,6.27957010269;-75.5519485474,3,313397,ABIERTO
496,MEDELLIN,6.246801188,-75.59382904,6.24680118768168;-75.5938290445732,2,393800,ABIERTO
497,MEDELLIN,6.196078174,-75.56574139,6.196078173816204;-75.56574138812721,5,399611,ABIERTO
498,MEDELLIN,6.274067124,-75.56575321,6.27406712395365;-75.565753206151,1,374354,ABIERTO
499,MEDELLIN,6.232633504,-75.59826459,6.232633503882096;-75.59826459225008,5,373057,ABIERTO
500,MEDELLIN,6.255827571,-75.61618236,6.25582757144703;-75.6161823565678,3,361489,ABIERTO
501,MEDELLIN,6.250460148,-75.55905914,6.25046014786;-75.5590591431,1,238609,ABIERTO
502,MEDELLIN,6.294679214,-75.54124645,6.29467921374614;-75.5412464540689,3,243323,ABIERTO
503,MEDELLIN,6.240540028,-75.54576874,6.24054002762;-75.5457687378,5,270251,ABIERTO
504,MEDELLIN,6.209094934,-75.57608038,6.209094934165478;-75.57608038187027,5,196773,ABIERTO
505,MEDELLIN,6.209738438,-75.57171262,6.20973843788798;-75.5717126188943,2,163502,ABIERTO
506,MEDELLIN,6.238455646,-75.60682015,6.238455646;-75.60682015,4,394014,ABIERTO
507,MEDELLIN,6.210225623,-75.56972845,6.21022562348;-75.5697284499,5,259579,ABIERTO
508,MEDELLIN,6.233571529,-75.56861877,6.23357152939;-75.5686187744,3,376205,ABIERTO
509,MEDELLIN,6.21060321,-75.56605246,6.21060320974404;-75.5660524648928,4,194947,ABIERTO
510,MEDELLIN,6.3082219,-75.5725141,6.3082219;-75.5725141,4,218954,ABIERTO
511,MEDELLIN,6.201647152,-75.59036926,6.201647152192891;-75.59036926366389,1,416390,ABIERTO
512,MEDELLIN,6.294168043,-75.5816057,6.29416804257499;-75.5816057025542,3,214073,ABIERTO
513,MEDELLIN,6.248250008,-75.59253693,6.24825000763;-75.5925369263,5,292530,ABIERTO
514,MEDELLIN,6.296050072,-75.53794861,6.29605007172;-75.5379486084,3,190497,ABIERTO
515,MEDELLIN,6.285991811,-75.55669964,6.2859918105;-75.5566996374,3,227350,ABIERTO
516,MEDELLIN,6.20770444,-75.5665465,6.20770444010561;-75.566546501434,1,153965,ABIERTO
517,MEDELLIN,6.291231632,-75.57675171,6.29123163223;-75.576751709,2,339292,ABIERTO
518,MEDELLIN,6.231508732,-75.57090759,6.23150873184;-75.5709075928,1,220436,ABIERTO
519,MEDELLIN,6.273726592,-75.57208205,6.27372659154828;-75.5720820507541,5,340471,ABIERTO
520,MEDELLIN,6.254320145,-75.56699371,6.25432014465;-75.5669937134,5,221116,ABIERTO
521,MEDELLIN,6.307289,-75.57658666,6.30728900000005;-75.5765866640676,3,325051,ABIERTO
522,MEDELLIN,6.277436926,-75.56641177,6.27743692614501;-75.5664117706034,5,340753,ABIERTO
523,MEDELLIN,6.25552253,-75.54072215,6.25552252979098;-75.54072214796,1,346789,ABIERTO
524,MEDELLIN,6.274480749,-75.56676362,6.27448074942724;-75.5667636247288,4,160525,ABIERTO
525,MEDELLIN,6.273235798,-75.60227966,6.27323579788;-75.6022796631,5,177533,ABIERTO
526,MEDELLIN,6.243125171,-75.55337686,6.243125171456448;-75.55337685807461,5,175961,ABIERTO
527,MEDELLIN,6.223739147,-75.59493256,6.22373914719;-75.5949325562,1,226307,ABIERTO
528,MEDELLIN,6.2738753,-75.611439,6.2738753;-75.611439,1,408577,ABIERTO
529,MEDELLIN,6.256988613,-75.5500592,6.25698861258537;-75.5500591992998,4,276532,ABIERTO
530,MEDELLIN,6.249753436,-75.59466069,6.24975343649102;-75.5946606931684,1,284970,ABIERTO
531,MEDELLIN,6.252901382,-75.55855854,6.2529013824914;-75.5585585428352,1,189173,ABIERTO
532,MEDELLIN,6.272389889,-75.53752899,6.27238988876;-75.5375289917,4,209722,ABIERTO
533,MEDELLIN,6.230343144,-75.5297486,6.230343143662578;-75.52974859666577,1,327760,ABIERTO
534,MEDELLIN,6.285049915,-75.57779694,6.28504991531;-75.577796936,3,313300,ABIERTO
535,MEDELLIN,6.283456326,-75.5619278,6.28345632553;-75.5619277954,1,366549,ABIERTO
536,MEDELLIN,6.296720028,-75.58522034,6.29672002792;-75.5852203369,4,244398,ABIERTO
537,MEDELLIN,6.195368202,-75.59144227,6.195368202;-75.59144227,4,230783,ABIERTO
538,MEDELLIN,6.236039109,-75.59838557,6.23603910905888;-75.5983855672278,1,292182,ABIERTO
539,MEDELLIN,6.294603926,-75.56037756,6.29460392618845;-75.5603775554114,1,366530,ABIERTO
540,MEDELLIN,6.245660495,-75.62088212,6.24566049493322;-75.6208821201134,2,345094,ABIERTO
541,MEDELLIN,6.244631111,-75.57126084,6.244631111;-75.57126084,1,379269,ABIERTO
542,MEDELLIN,6.255010128,-75.56655884,6.25501012802;-75.5665588379,4,407773,ABIERTO
543,MEDELLIN,6.250887257,-75.57017188,6.25088725656075;-75.5701718813409,1,229398,ABIERTO
544,MEDELLIN,6.250663126,-75.56417097,6.250663126;-75.56417097,4,150324,ABIERTO
545,MEDELLIN,6.237760067,-75.58805084,6.23776006699;-75.5880508423,2,300563,ABIERTO
546,MEDELLIN,6.280765069,-75.60392141,6.28076506851329;-75.6039214098083,2,255535,ABIERTO
547,MEDELLIN,6.241201312,-75.55166697,6.2412013119;-75.5516669729,4,321697,ABIERTO
548,MEDELLIN,6.275010282,-75.61539594,6.27501028209;-75.6153959372,2,409354,CERRADO
549,MEDELLIN,6.260812948,-75.60414771,6.26081294840391;-75.6041477149185,1,159697,CERRADO
550,MEDELLIN,6.290081953,-75.58388649,6.29008195337158;-75.5838864858027,4,275022,CERRADO
551,MEDELLIN,6.277979851,-75.56649017,6.27797985077;-75.5664901733,4,173818,CERRADO
552,MEDELLIN,6.248279126,-75.58687632,6.24827912576389;-75.5868763245328,1,244257,CERRADO
553,MEDELLIN,6.267636299,-75.54419708,6.26763629913;-75.5441970825,5,301238,CERRADO
554,MEDELLIN,6.236673854,-75.55506233,6.23667385445211;-75.5550623345417,3,348150,CERRADO
555,MEDELLIN,6.294151158,-75.59315668,6.29415115786982;-75.5931566791944,4,179342,CERRADO
556,MEDELLIN,6.28611295,-75.57526936,6.286112949701082;-75.5752693607132,5,287931,CERRADO
557,MEDELLIN,6.285860062,-75.55587769,6.28586006165;-75.5558776855,3,247512,CERRADO
558,MEDELLIN,6.243415459,-75.56249173,6.24341545855719;-75.5624917305666,5,289634,CERRADO
559,MEDELLIN,6.232591531,-75.56002061,6.232591531;-75.56002061,4,318414,CERRADO
560,MEDELLIN,6.28728547,-75.56232974,6.28728547;-75.56232974,4,170661,CERRADO
561,MEDELLIN,6.251052856,-75.56919861,6.25105285645;-75.5691986084,2,151391,CERRADO
562,MEDELLIN,6.277743366,-75.57652193,6.27774336619651;-75.5765219287737,5,162611,CERRADO
563,MEDELLIN,6.290953724,-75.54352784,6.29095372410405;-75.5435278372877,3,393127,CERRADO
564,MEDELLIN,6.265272141,-75.54150391,6.2652721405;-75.5415039062,5,220935,CERRADO
565,MEDELLIN,6.297958255,-75.5688893,6.2979582552666;-75.5688893041455,4,233978,CERRADO
566,MEDELLIN,6.289620399,-75.58532715,6.28962039948;-75.5853271484,4,289227,CERRADO
567,MEDELLIN,6.258774782,-75.55655799,6.258774782;-75.55655799,5,415010,CERRADO
568,MEDELLIN,6.249984358,-75.56843903,6.2499843575728;-75.5684390334046,1,154727,CERRADO
569,MEDELLIN,6.244931698,-75.5435791,6.24493169785;-75.5435791016,5,399407,CERRADO
570,MEDELLIN,6.183410722,-75.65266434,6.18341072239584;-75.6526643376322,4,189987,CERRADO
571,MEDELLIN,6.232579387,-75.54400447,6.23257938708341;-75.5440044719869,1,185391,CERRADO
572,MEDELLIN,6.241733551,-75.55470276,6.24173355103;-75.5547027588,5,195168,CERRADO
573,MEDELLIN,6.280550003,-75.57255554,6.28055000305;-75.572555542,4,324525,CERRADO
574,MEDELLIN,6.24826479,-75.5573349,6.24826478958;-75.5573348999,1,323452,CERRADO
575,MEDELLIN,6.295405531,-75.55770608,6.29540553144958;-75.557706077595,2,179997,CERRADO
576,MEDELLIN,6.247827061,-75.59649186,6.24782706061372;-75.5964918610562,2,368245,CERRADO
577,MEDELLIN,6.306970119,-75.57196045,6.30697011948;-75.5719604492,2,169572,CERRADO
578,MEDELLIN,6.274014473,-75.61095428,6.27401447296;-75.6109542847,1,309949,CERRADO
579,MEDELLIN,6.273891458,-75.61072011,6.27389145844246;-75.6107201108342,5,274490,CERRADO
580,MEDELLIN,6.248862573,-75.54333782,6.24886257321;-75.5433378163,1,391979,CERRADO
581,MEDELLIN,6.24214649,-75.5727518,6.2421464902;-75.5727517971,4,315156,CERRADO
582,MEDELLIN,6.305560112,-75.55564117,6.305560112;-75.5556411743,4,359201,CERRADO
583,MEDELLIN,6.2910485,-75.5469885,6.2910485;-75.5469885,2,216546,CERRADO
584,MEDELLIN,6.263653278,-75.54332733,6.26365327835;-75.5433273315,2,418536,CERRADO
585,MEDELLIN,6.23163417,-75.59361902,6.23163417020749;-75.5936190245861,3,302424,CERRADO
586,MEDELLIN,6.213016117,-75.58383125,6.21301611735706;-75.5838312542876,5,211436,CERRADO
587,MEDELLIN,6.21347725,-75.58531673,6.21347725;-75.58531673,2,231046,CERRADO
588,MEDELLIN,6.236049968,-75.59160742,6.23604996773115;-75.5916074205536,5,323802,ABIERTO
589,MEDELLIN,6.286769704,-75.54614858,6.28676970440744;-75.5461485770891,5,246118,ABIERTO
590,MEDELLIN,6.302323993,-75.56619829,6.302323993295431;-75.56619828566909,5,361297,ABIERTO
591,MEDELLIN,6.2455391,-75.6208844,6.2455391;-75.6208844,3,251892,ABIERTO
592,MEDELLIN,6.303160191,-75.5584259,6.30316019058;-75.5584259033,1,412990,ABIERTO
593,MEDELLIN,6.260290146,-75.59028625,6.26029014587;-75.5902862549,4,365816,ABIERTO
594,MEDELLIN,6.236658573,-75.59671783,6.23665857315;-75.5967178345,2,315171,ABIERTO
595,MEDELLIN,6.286668761,-75.57139807,6.28666876100817;-75.5713980713759,1,218629,ABIERTO
596,MEDELLIN,6.277899363,-75.57761079,6.27789936300447;-75.577610792265,2,294280,ABIERTO
597,MEDELLIN,6.255497932,-75.60281372,6.25549793243;-75.6028137207,4,297731,ABIERTO
598,MEDELLIN,6.290023418,-75.57318165,6.29002341843465;-75.5731816457665,3,332289,ABIERTO
599,MEDELLIN,6.251375106,-75.56334716,6.25137510647252;-75.5633471643888,3,208055,ABIERTO
600,MEDELLIN,6.295981884,-75.58482361,6.295981884;-75.5848236084,2,240209,ABIERTO
601,MEDELLIN,6.269910532,-75.54007124,6.26991053249;-75.5400712359,1,411318,ABIERTO
602,MEDELLIN,6.258676215,-75.55215154,6.25867621496509;-75.552151539133,2,280061,ABIERTO
